<!--
    Fichero de configuración de un host GNU/Linux
    Versión Legacy
    Las nuevas distros soportan más cosas
-->

<domain type='kvm'>
  <name>Squeeze_AMD64</name>
  <uuid>34ed2109-cd6d-6048-d47c-55bea73e39fd</uuid>
  <!-- 
    RAM. 1 GB, se reserva 1 GB desde el principio.
    1 CPU virtual
  -->
  <memory>1048576</memory>
  <currentMemory>1048576</currentMemory>
  <vcpu>1</vcpu>
  <!--
    Arquitectura EMT64T/AMD64. Arrancar desde disco duro.
    -->
  <os>
    <type arch='x86_64' machine='pc-1.0'>hvm</type>
    <boot dev='hd'/>
  </os>
  <!--
    Habilitar ACPI, APIC y PAE
    -->
  <features>
    <acpi/>
    <apic/>
    <pae/>
  </features>
  <!-- 
    Reloj configurado en UTC. ¡¡Marcar en el instalador!!
    -->
  <clock offset='utc'/>
  <!-- 
    Tratamiento habitual de eventos
    -->
  <on_poweroff>destroy</on_poweroff>
  <on_reboot>restart</on_reboot>
  <on_crash>restart</on_crash>
  <!-- 
    Descripción del susbsistema de E/S
    -->
  <devices>
    <emulator>/usr/bin/kvm</emulator>
    <!--
        Disco duro
        VirtIO, con imagen VMDK del SO
     -->
    <disk type='file' device='disk'>
      <driver name='qemu' type='qcow2' cache='writeback' io='native'/>
      <source file='/home/luis/kvm-images/DebianSqueezeAMD64/SqueezeAMD64.qcow2'/>
      <target dev='vda' bus='virtio'/>
    </disk>
    <!--
        Disco duro
        VirtIO, con imagen QCOW2 con los datos del usuario
     -->
    <disk type='file' device='disk'>
      <driver name='qemu' type='qcow2' cache='writeback' io='native'/>
      <source file='/home/luis/kvm-images/DebianSqueezeAMD64/Data.qcow2'/>
      <target dev='vdb' bus='virtio'/>
    </disk>
    <!--
        Interfaz de red.
        Conexión a la puerta de enlace
     -->
     <interface type='network'>
        <source network='default'/>
        <mac address='52:54:00:8a:56:41'/>
    </interface>
    <!--
        Serial consoles
     -->
    <serial type='pty'>
      <target port='0'/>
    </serial>
    <console type='pty'>
      <target type='serial' port='0'/>
    </console>
    <!-- Dispositivos de entrada -->
    <input type='tablet' bus='usb'/>
    <input type='mouse' bus='ps2'/>
    <!-- VNC escuchando en dirección IP del servidor. El puerto se mete "a pelo", al igual
         que la contraseña.-->
    <graphics type='vnc' port='15010' autoport='no' passwd='CygnusCloudRules!' keymap='es'>
        <listen type='address' address='192.168.0.5'/>
    </graphics>
    <!-- Tarjeta gráfica -->
    <video>
      <model type='cirrus' vram='9216' heads='1'/>
    </video>
    <!-- Memballoon de VirtIO. Debería crearse automáticamente, pero lo pongo para asegurarme -->
    <memballoon model='virtio'/>
  </devices>
</domain>
